-- MySQL Script generated by MySQL Workbench
-- Thu Jun 19 23:31:44 2014
-- Model: New Model    Version: 1.0
SET @OLD_UNIQUE_CHECKS=@@UNIQUE_CHECKS, UNIQUE_CHECKS=0;
SET @OLD_FOREIGN_KEY_CHECKS=@@FOREIGN_KEY_CHECKS, FOREIGN_KEY_CHECKS=0;
SET @OLD_SQL_MODE=@@SQL_MODE, SQL_MODE='TRADITIONAL,ALLOW_INVALID_DATES';

-- -----------------------------------------------------
-- Schema u388869315_dbmc
-- -----------------------------------------------------
CREATE SCHEMA IF NOT EXISTS `u388869315_dbmc` DEFAULT CHARACTER SET latin1 COLLATE latin1_swedish_ci ;
USE `u388869315_dbmc` ;

-- -----------------------------------------------------
-- Table `u388869315_dbmc`.`statusUsuario`
-- -----------------------------------------------------
CREATE TABLE IF NOT EXISTS `u388869315_dbmc`.`statusUsuario` (
  `idStatusUsuario` INT NOT NULL AUTO_INCREMENT,
  `descricao` VARCHAR(45) NULL,
  PRIMARY KEY (`idStatusUsuario`))
ENGINE = InnoDB;


-- -----------------------------------------------------
-- Table `u388869315_dbmc`.`nivelUsuario`
-- -----------------------------------------------------
CREATE TABLE IF NOT EXISTS `u388869315_dbmc`.`nivelUsuario` (
  `idNivelUsuario` INT NOT NULL AUTO_INCREMENT,
  `descricaoNivelUsuario` VARCHAR(45) NULL,
  PRIMARY KEY (`idNivelUsuario`))
ENGINE = InnoDB;


-- -----------------------------------------------------
-- Table `u388869315_dbmc`.`usuario`
-- -----------------------------------------------------
CREATE TABLE IF NOT EXISTS `u388869315_dbmc`.`usuario` (
  `idUsuario` INT NOT NULL AUTO_INCREMENT,
  `nome` VARCHAR(45) NULL,
  `email` VARCHAR(45) NULL,
  `telefone` VARCHAR(45) NULL,
  `senha` VARCHAR(45) NULL,
  `idStatusUsuario` INT NOT NULL,
  `idNivelUsuario` INT NOT NULL,
  PRIMARY KEY (`idUsuario`),
  INDEX `fk_usuario_statusUsuario1_idx` (`idStatusUsuario` ASC),
  INDEX `fk_usuario_nivelUsuario1_idx` (`idNivelUsuario` ASC),
  CONSTRAINT `fk_usuario_statusUsuario1`
    FOREIGN KEY (`idStatusUsuario`)
    REFERENCES `u388869315_dbmc`.`statusUsuario` (`idStatusUsuario`)
    ON DELETE NO ACTION
    ON UPDATE NO ACTION,
  CONSTRAINT `fk_usuario_nivelUsuario1`
    FOREIGN KEY (`idNivelUsuario`)
    REFERENCES `u388869315_dbmc`.`nivelUsuario` (`idNivelUsuario`)
    ON DELETE NO ACTION
    ON UPDATE NO ACTION)
ENGINE = InnoDB;


-- -----------------------------------------------------
-- Table `u388869315_dbmc`.`nivelAnuncio`
-- -----------------------------------------------------
CREATE TABLE IF NOT EXISTS `u388869315_dbmc`.`nivelAnuncio` (
  `idNivelAnuncio` INT NOT NULL AUTO_INCREMENT,
  `descricaoNivelAnuncio` VARCHAR(45) NULL,
  PRIMARY KEY (`idNivelAnuncio`))
ENGINE = InnoDB;


-- -----------------------------------------------------
-- Table `u388869315_dbmc`.`statusAnuncio`
-- -----------------------------------------------------
CREATE TABLE IF NOT EXISTS `u388869315_dbmc`.`statusAnuncio` (
  `idStatusAnuncio` INT NOT NULL AUTO_INCREMENT,
  `descricaoStatusAnuncio` VARCHAR(45) NULL,
  PRIMARY KEY (`idStatusAnuncio`))
ENGINE = InnoDB;


-- -----------------------------------------------------
-- Table `u388869315_dbmc`.`categoria`
-- -----------------------------------------------------
CREATE TABLE IF NOT EXISTS `u388869315_dbmc`.`categoria` (
  `idCategoria` INT NOT NULL AUTO_INCREMENT,
  `tituloCategoria` VARCHAR(45) NULL,
  PRIMARY KEY (`idCategoria`))
ENGINE = InnoDB;


-- -----------------------------------------------------
-- Table `u388869315_dbmc`.`subCategoria`
-- -----------------------------------------------------
CREATE TABLE IF NOT EXISTS `u388869315_dbmc`.`subCategoria` (
  `idCategoria` INT NOT NULL AUTO_INCREMENT,
  `idSubCategoria` INT NOT NULL,
  `tituloSubCategoria` VARCHAR(45) NULL,
  PRIMARY KEY (`idCategoria`, `idSubCategoria`),
  INDEX `fk_subCategoria_categoria1_idx` (`idCategoria` ASC),
  CONSTRAINT `fk_subCategoria_categoria1`
    FOREIGN KEY (`idCategoria`)
    REFERENCES `u388869315_dbmc`.`categoria` (`idCategoria`)
    ON DELETE NO ACTION
    ON UPDATE NO ACTION)
ENGINE = InnoDB;


-- -----------------------------------------------------
-- Table `u388869315_dbmc`.`tipoProduto`
-- -----------------------------------------------------
CREATE TABLE IF NOT EXISTS `u388869315_dbmc`.`tipoProduto` (
  `idtipoProduto` INT NOT NULL,
  `descricaoTipoProduto` VARCHAR(45) NULL,
  PRIMARY KEY (`idtipoProduto`))
ENGINE = InnoDB;


-- -----------------------------------------------------
-- Table `u388869315_dbmc`.`anuncio`
-- -----------------------------------------------------
CREATE TABLE IF NOT EXISTS `u388869315_dbmc`.`anuncio` (
  `idAnuncio` INT NOT NULL AUTO_INCREMENT,
  `idUsuario` INT NOT NULL,
  `tituloAnuncio` VARCHAR(45) NULL,
  `descricaoAnuncio` VARCHAR(999) NULL,
  `valorAnuncio` VARCHAR(45) NULL,
  `dtInicioAnuncio` DATE NULL,
  `diasAnunciado` INT NULL,
  `idStatusAnuncio` INT NOT NULL,
  `idNivelAnuncio` INT NOT NULL,
  `idCategoria` INT NOT NULL,
  `idSubCategoria` INT NOT NULL,
  `idTipoProduto` INT NOT NULL,
  PRIMARY KEY (`idAnuncio`, `idUsuario`),
  INDEX `fk_anuncio_usuario1_idx` (`idUsuario` ASC),
  INDEX `fk_anuncio_nivelAnuncio1_idx` (`idNivelAnuncio` ASC),
  INDEX `fk_anuncio_statusAnuncio1_idx` (`idStatusAnuncio` ASC),
  INDEX `fk_anuncio_subCategoria1_idx` (`idCategoria` ASC, `idSubCategoria` ASC),
  INDEX `fk_anuncio_tipoProduto1_idx` (`idTipoProduto` ASC),
  CONSTRAINT `fk_anuncio_usuario1`
    FOREIGN KEY (`idUsuario`)
    REFERENCES `u388869315_dbmc`.`usuario` (`idUsuario`)
    ON DELETE NO ACTION
    ON UPDATE NO ACTION,
  CONSTRAINT `fk_anuncio_nivelAnuncio1`
    FOREIGN KEY (`idNivelAnuncio`)
    REFERENCES `u388869315_dbmc`.`nivelAnuncio` (`idNivelAnuncio`)
    ON DELETE NO ACTION
    ON UPDATE NO ACTION,
  CONSTRAINT `fk_anuncio_statusAnuncio1`
    FOREIGN KEY (`idStatusAnuncio`)
    REFERENCES `u388869315_dbmc`.`statusAnuncio` (`idStatusAnuncio`)
    ON DELETE NO ACTION
    ON UPDATE NO ACTION,
  CONSTRAINT `fk_anuncio_subCategoria1`
    FOREIGN KEY (`idCategoria` , `idSubCategoria`)
    REFERENCES `u388869315_dbmc`.`subCategoria` (`idCategoria` , `idSubCategoria`)
    ON DELETE NO ACTION
    ON UPDATE NO ACTION,
  CONSTRAINT `fk_anuncio_tipoProduto1`
    FOREIGN KEY (`idTipoProduto`)
    REFERENCES `u388869315_dbmc`.`tipoProduto` (`idtipoProduto`)
    ON DELETE NO ACTION
    ON UPDATE NO ACTION)
ENGINE = InnoDB;


-- -----------------------------------------------------
-- Table `u388869315_dbmc`.`statusContato`
-- -----------------------------------------------------
CREATE TABLE IF NOT EXISTS `u388869315_dbmc`.`statusContato` (
  `idStatusContato` INT NOT NULL AUTO_INCREMENT,
  `descricaoStatusContato` VARCHAR(45) NULL,
  PRIMARY KEY (`idStatusContato`))
ENGINE = InnoDB;


-- -----------------------------------------------------
-- Table `u388869315_dbmc`.`contato`
-- -----------------------------------------------------
CREATE TABLE IF NOT EXISTS `u388869315_dbmc`.`contato` (
  `idContato` INT NOT NULL AUTO_INCREMENT,
  `pergunta` VARCHAR(45) NULL,
  `resposta` VARCHAR(45) NULL,
  `anuncio_idAnuncio` INT NOT NULL,
  `anuncio_idUsuario` INT NOT NULL,
  `pergunta_idUsuario` INT NOT NULL,
  `idStatusContato` INT NOT NULL,
  PRIMARY KEY (`idContato`),
  INDEX `fk_contato_anuncio1_idx` (`anuncio_idAnuncio` ASC, `anuncio_idUsuario` ASC),
  INDEX `fk_contato_statusContato1_idx` (`idStatusContato` ASC),
  INDEX `fk_contato_usuario1_idx` (`pergunta_idUsuario` ASC),
  CONSTRAINT `fk_contato_anuncio1`
    FOREIGN KEY (`anuncio_idAnuncio` , `anuncio_idUsuario`)
    REFERENCES `u388869315_dbmc`.`anuncio` (`idAnuncio` , `idUsuario`)
    ON DELETE NO ACTION
    ON UPDATE NO ACTION,
  CONSTRAINT `fk_contato_statusContato1`
    FOREIGN KEY (`idStatusContato`)
    REFERENCES `u388869315_dbmc`.`statusContato` (`idStatusContato`)
    ON DELETE NO ACTION
    ON UPDATE NO ACTION,
  CONSTRAINT `fk_contato_usuario1`
    FOREIGN KEY (`pergunta_idUsuario`)
    REFERENCES `u388869315_dbmc`.`usuario` (`idUsuario`)
    ON DELETE NO ACTION
    ON UPDATE NO ACTION)
ENGINE = InnoDB;


SET SQL_MODE=@OLD_SQL_MODE;
SET FOREIGN_KEY_CHECKS=@OLD_FOREIGN_KEY_CHECKS;
SET UNIQUE_CHECKS=@OLD_UNIQUE_CHECKS;

-- -----------------------------------------------------
-- Data for table `u388869315_dbmc`.`statusUsuario`
-- -----------------------------------------------------
START TRANSACTION;
USE `u388869315_dbmc`;
INSERT INTO `u388869315_dbmc`.`statusUsuario` (`idStatusUsuario`, `descricao`) VALUES (1, 'Ativo - Anúncioando');
INSERT INTO `u388869315_dbmc`.`statusUsuario` (`idStatusUsuario`, `descricao`) VALUES (2, 'Ativo - Sem anúncio');
INSERT INTO `u388869315_dbmc`.`statusUsuario` (`idStatusUsuario`, `descricao`) VALUES (3, 'Pendente ativação');
INSERT INTO `u388869315_dbmc`.`statusUsuario` (`idStatusUsuario`, `descricao`) VALUES (4, 'Bloqueado');

COMMIT;


-- -----------------------------------------------------
-- Data for table `u388869315_dbmc`.`nivelUsuario`
-- -----------------------------------------------------
START TRANSACTION;
USE `u388869315_dbmc`;
INSERT INTO `u388869315_dbmc`.`nivelUsuario` (`idNivelUsuario`, `descricaoNivelUsuario`) VALUES (0, 'Administrador');
INSERT INTO `u388869315_dbmc`.`nivelUsuario` (`idNivelUsuario`, `descricaoNivelUsuario`) VALUES (1, 'Anúnciante ouro');
INSERT INTO `u388869315_dbmc`.`nivelUsuario` (`idNivelUsuario`, `descricaoNivelUsuario`) VALUES (2, 'Anúnciante prata');
INSERT INTO `u388869315_dbmc`.`nivelUsuario` (`idNivelUsuario`, `descricaoNivelUsuario`) VALUES (3, 'Anúnciante bronze');

COMMIT;


-- -----------------------------------------------------
-- Data for table `u388869315_dbmc`.`usuario`
-- -----------------------------------------------------
START TRANSACTION;
USE `u388869315_dbmc`;
INSERT INTO `u388869315_dbmc`.`usuario` (`idUsuario`, `nome`, `email`, `telefone`, `senha`, `idStatusUsuario`, `idNivelUsuario`) VALUES (1, 'Fernando Nesi', 'fernandonesi@gmail.com', '(49) 8859-2012', 't3051696', 1, 0);
INSERT INTO `u388869315_dbmc`.`usuario` (`idUsuario`, `nome`, `email`, `telefone`, `senha`, `idStatusUsuario`, `idNivelUsuario`) VALUES (2, 'Suzy Costa', 'suzy.costa@hotmail.com', '(45) 9959-2000', 'suzy', 1, 3);
INSERT INTO `u388869315_dbmc`.`usuario` (`idUsuario`, `nome`, `email`, `telefone`, `senha`, `idStatusUsuario`, `idNivelUsuario`) VALUES (3, 'Maicon Souza', 'maicon.souza22@hotmail.com', '(49) 8409-6017', 'maicon', 1, 3);
INSERT INTO `u388869315_dbmc`.`usuario` (`idUsuario`, `nome`, `email`, `telefone`, `senha`, `idStatusUsuario`, `idNivelUsuario`) VALUES (4, 'Douglas Camargo', 'doug_camargo@yahoo.com.br', '(49) 9117-0666', 'douglas', 1, 3);

COMMIT;


-- -----------------------------------------------------
-- Data for table `u388869315_dbmc`.`nivelAnuncio`
-- -----------------------------------------------------
START TRANSACTION;
USE `u388869315_dbmc`;
INSERT INTO `u388869315_dbmc`.`nivelAnuncio` (`idNivelAnuncio`, `descricaoNivelAnuncio`) VALUES (1, 'Altissímo');
INSERT INTO `u388869315_dbmc`.`nivelAnuncio` (`idNivelAnuncio`, `descricaoNivelAnuncio`) VALUES (2, 'Alto');
INSERT INTO `u388869315_dbmc`.`nivelAnuncio` (`idNivelAnuncio`, `descricaoNivelAnuncio`) VALUES (3, 'Médio');
INSERT INTO `u388869315_dbmc`.`nivelAnuncio` (`idNivelAnuncio`, `descricaoNivelAnuncio`) VALUES (4, 'Baixo');
INSERT INTO `u388869315_dbmc`.`nivelAnuncio` (`idNivelAnuncio`, `descricaoNivelAnuncio`) VALUES (5, 'Baixíssimo');

COMMIT;


-- -----------------------------------------------------
-- Data for table `u388869315_dbmc`.`statusAnuncio`
-- -----------------------------------------------------
START TRANSACTION;
USE `u388869315_dbmc`;
INSERT INTO `u388869315_dbmc`.`statusAnuncio` (`idStatusAnuncio`, `descricaoStatusAnuncio`) VALUES (1, 'Ativo');
INSERT INTO `u388869315_dbmc`.`statusAnuncio` (`idStatusAnuncio`, `descricaoStatusAnuncio`) VALUES (2, 'Pausado');
INSERT INTO `u388869315_dbmc`.`statusAnuncio` (`idStatusAnuncio`, `descricaoStatusAnuncio`) VALUES (3, 'Excluído');
INSERT INTO `u388869315_dbmc`.`statusAnuncio` (`idStatusAnuncio`, `descricaoStatusAnuncio`) VALUES (4, 'Vendido');
INSERT INTO `u388869315_dbmc`.`statusAnuncio` (`idStatusAnuncio`, `descricaoStatusAnuncio`) VALUES (5, 'Pendente ativação');
INSERT INTO `u388869315_dbmc`.`statusAnuncio` (`idStatusAnuncio`, `descricaoStatusAnuncio`) VALUES (6, 'Pendente ajuste');

COMMIT;


-- -----------------------------------------------------
-- Data for table `u388869315_dbmc`.`categoria`
-- -----------------------------------------------------
START TRANSACTION;
USE `u388869315_dbmc`;
INSERT INTO `u388869315_dbmc`.`categoria` (`idCategoria`, `tituloCategoria`) VALUES (1, 'Imóveis');
INSERT INTO `u388869315_dbmc`.`categoria` (`idCategoria`, `tituloCategoria`) VALUES (2, 'Informática');
INSERT INTO `u388869315_dbmc`.`categoria` (`idCategoria`, `tituloCategoria`) VALUES (3, 'Eletrônicos');
INSERT INTO `u388869315_dbmc`.`categoria` (`idCategoria`, `tituloCategoria`) VALUES (4, 'Móveis');
INSERT INTO `u388869315_dbmc`.`categoria` (`idCategoria`, `tituloCategoria`) VALUES (5, 'Games');
INSERT INTO `u388869315_dbmc`.`categoria` (`idCategoria`, `tituloCategoria`) VALUES (6, 'Telefonia');
INSERT INTO `u388869315_dbmc`.`categoria` (`idCategoria`, `tituloCategoria`) VALUES (7, 'Esportes');
INSERT INTO `u388869315_dbmc`.`categoria` (`idCategoria`, `tituloCategoria`) VALUES (8, 'Veículos');

COMMIT;


-- -----------------------------------------------------
-- Data for table `u388869315_dbmc`.`subCategoria`
-- -----------------------------------------------------
START TRANSACTION;
USE `u388869315_dbmc`;
INSERT INTO `u388869315_dbmc`.`subCategoria` (`idCategoria`, `idSubCategoria`, `tituloSubCategoria`) VALUES (8, 1, 'Carros');
INSERT INTO `u388869315_dbmc`.`subCategoria` (`idCategoria`, `idSubCategoria`, `tituloSubCategoria`) VALUES (8, 2, 'Motos');
INSERT INTO `u388869315_dbmc`.`subCategoria` (`idCategoria`, `idSubCategoria`, `tituloSubCategoria`) VALUES (8, 3, 'Caminhões');
INSERT INTO `u388869315_dbmc`.`subCategoria` (`idCategoria`, `idSubCategoria`, `tituloSubCategoria`) VALUES (8, 4, 'Barcos / Jetski');
INSERT INTO `u388869315_dbmc`.`subCategoria` (`idCategoria`, `idSubCategoria`, `tituloSubCategoria`) VALUES (8, 5, 'Peças / Acessórios');
INSERT INTO `u388869315_dbmc`.`subCategoria` (`idCategoria`, `idSubCategoria`, `tituloSubCategoria`) VALUES (8, 6, 'Som automotivo');
INSERT INTO `u388869315_dbmc`.`subCategoria` (`idCategoria`, `idSubCategoria`, `tituloSubCategoria`) VALUES (1, 1, 'Venda apartamento');
INSERT INTO `u388869315_dbmc`.`subCategoria` (`idCategoria`, `idSubCategoria`, `tituloSubCategoria`) VALUES (1, 2, 'Venda casa');
INSERT INTO `u388869315_dbmc`.`subCategoria` (`idCategoria`, `idSubCategoria`, `tituloSubCategoria`) VALUES (1, 3, 'Aluguel apartamento');
INSERT INTO `u388869315_dbmc`.`subCategoria` (`idCategoria`, `idSubCategoria`, `tituloSubCategoria`) VALUES (1, 4, 'Aluguel casa');
INSERT INTO `u388869315_dbmc`.`subCategoria` (`idCategoria`, `idSubCategoria`, `tituloSubCategoria`) VALUES (1, 5, 'Dividir aluguel / quarto');
INSERT INTO `u388869315_dbmc`.`subCategoria` (`idCategoria`, `idSubCategoria`, `tituloSubCategoria`) VALUES (1, 6, 'Venda imóveis diversos');
INSERT INTO `u388869315_dbmc`.`subCategoria` (`idCategoria`, `idSubCategoria`, `tituloSubCategoria`) VALUES (1, 7, 'Aluguel imóveis diversos');
INSERT INTO `u388869315_dbmc`.`subCategoria` (`idCategoria`, `idSubCategoria`, `tituloSubCategoria`) VALUES (2, 1, 'Notebooks');
INSERT INTO `u388869315_dbmc`.`subCategoria` (`idCategoria`, `idSubCategoria`, `tituloSubCategoria`) VALUES (6, 1, 'Celulares');

COMMIT;


-- -----------------------------------------------------
-- Data for table `u388869315_dbmc`.`tipoProduto`
-- -----------------------------------------------------
START TRANSACTION;
USE `u388869315_dbmc`;
INSERT INTO `u388869315_dbmc`.`tipoProduto` (`idtipoProduto`, `descricaoTipoProduto`) VALUES (1, 'Novo');
INSERT INTO `u388869315_dbmc`.`tipoProduto` (`idtipoProduto`, `descricaoTipoProduto`) VALUES (2, 'Semi-Novo');
INSERT INTO `u388869315_dbmc`.`tipoProduto` (`idtipoProduto`, `descricaoTipoProduto`) VALUES (3, 'Usado');

COMMIT;


-- -----------------------------------------------------
-- Data for table `u388869315_dbmc`.`anuncio`
-- -----------------------------------------------------
START TRANSACTION;
USE `u388869315_dbmc`;
INSERT INTO `u388869315_dbmc`.`anuncio` (`idAnuncio`, `idUsuario`, `tituloAnuncio`, `descricaoAnuncio`, `valorAnuncio`, `dtInicioAnuncio`, `diasAnunciado`, `idStatusAnuncio`, `idNivelAnuncio`, `idCategoria`, `idSubCategoria`, `idTipoProduto`) VALUES (1, 1, 'Iphone 4 16GB', 'Vendo produto no titulo & papapa...', 'R$ 700,00', '2014-06-19', 30, 1, 3, 6, 1, 2);
INSERT INTO `u388869315_dbmc`.`anuncio` (`idAnuncio`, `idUsuario`, `tituloAnuncio`, `descricaoAnuncio`, `valorAnuncio`, `dtInicioAnuncio`, `diasAnunciado`, `idStatusAnuncio`, `idNivelAnuncio`, `idCategoria`, `idSubCategoria`, `idTipoProduto`) VALUES (2, 1, 'Macbook white unibody', 'Vendo produto no titulo & papapa...', 'R$ 1.800,00', '2014-06-19', 30, 1, 3, 2, 1, 3);
INSERT INTO `u388869315_dbmc`.`anuncio` (`idAnuncio`, `idUsuario`, `tituloAnuncio`, `descricaoAnuncio`, `valorAnuncio`, `dtInicioAnuncio`, `diasAnunciado`, `idStatusAnuncio`, `idNivelAnuncio`, `idCategoria`, `idSubCategoria`, `idTipoProduto`) VALUES (3, 2, 'Apartamento 3 quartos', 'Vendo produto no titulo & papapa...', 'Aguardo contato..', '2014-06-19', 60, 1, 3, 1, 1, 1);
INSERT INTO `u388869315_dbmc`.`anuncio` (`idAnuncio`, `idUsuario`, `tituloAnuncio`, `descricaoAnuncio`, `valorAnuncio`, `dtInicioAnuncio`, `diasAnunciado`, `idStatusAnuncio`, `idNivelAnuncio`, `idCategoria`, `idSubCategoria`, `idTipoProduto`) VALUES (4, 3, 'Moto Fazer 250Cc', 'Vendo produto no titulo & papapa...', 'No anúncio', '2014-06-19', 90, 1, 3, 8, 2, 2);
INSERT INTO `u388869315_dbmc`.`anuncio` (`idAnuncio`, `idUsuario`, `tituloAnuncio`, `descricaoAnuncio`, `valorAnuncio`, `dtInicioAnuncio`, `diasAnunciado`, `idStatusAnuncio`, `idNivelAnuncio`, `idCategoria`, `idSubCategoria`, `idTipoProduto`) VALUES (5, 3, 'Moto YBR 125Cc', 'Vendo produto no titulo & papapa...', '2700,00', '2014-06-19', 30, 1, 3, 8, 2, 2);

COMMIT;

